first_name,last_name,email,company_name,address,city,county,state,zip,phone1,phone2,web
James,Butt,jbutt@gmail.com,"Benton, John B Jr",6649 N Blue Gum St,New Orleans,Orleans,LA,70116,504-621-8927,504-845-1427,http://www.bentonjohnbjr.com
Josephine,Darakjy,josephine_darakjy@darakjy.org,"Chanay, Jeffrey A Esq",4 B Blue Ridge Blvd,Brighton,Livingston,MI,48116,810-292-9388,810-374-9840,http://www.chanayjeffreyaesq.com
Art,Venere,art@venere.org,"Chemel, James L Cpa",8 W Cerritos Ave #54,Bridgeport,Gloucester,NJ,8014,856-636-8749,856-264-4130,http://www.chemeljameslcpa.com
Lenna,Paprocki,lpaprocki@hotmail.com,Feltz Printing Service,639 Main St,Anchorage,Anchorage,AK,99501,907-385-4412,907-921-2010,http://www.feltzprintingservice.com
Donette,Foller,donette.foller@cox.net,Printing Dimensions,34 Center St,Hamilton,Butler,OH,45011,513-570-1893,513-549-4561,http://www.printingdimensions.com
Simona,Morasca,simona@morasca.com,"Chapman, Ross E Esq",3 Mcauley Dr,Ashland,Ashland,OH,44805,419-503-2484,419-800-6759,http://www.chapmanrosseesq.com
Mitsue,Tollner,mitsue_tollner@yahoo.com,Morlong Associates,7 Eads St,Chicago,Cook,IL,60632,773-573-6914,773-924-8565,http://www.morlongassociates.com
Leota,Dilliard,leota@hotmail.com,Commercial Press,7 W Jackson Blvd,San Jose,Santa Clara,CA,95111,408-752-3500,408-813-1105,http://www.commercialpress.com
Sage,Wieser,sage_wieser@-cox.net,Truhlar And Truhlar Attys,5 Boston Ave #88,Sioux Falls,Minnehaha,SD,57105,605-414-2147,605-794-4895,http://www.truhlarandtruhlarattys.com
Kris,Marrier,kris@gmail.com,"King, Christopher A Esq",228 Runamuck Pl #2808,Baltimore,Baltimore City,MD,21224,410-655-8723,410-804-4694,http://www.kingchristopheraesq.com
Minna,Amigon,minna_amigon@yahoo.com,"Dorl, James J Esq",2371 Jerrold Ave,Kulpsville,Montgomery,PA,19443,215-874-1229,215-422-8694,http://www.dorljamesjesq.com
Abel,Maclead,amaclead@gmail.com,Rangoni Of Florence,37275 St  Rt 17m M,Middle Island,Suffolk,NY,11953,631-335-3414,631-677-3675,http://www.rangoniofflorence.com
Kiley,Caldarera,kiley.caldarera@aol.com,Feiner Bros,25 E 75th St #69,Los Angeles,Los Angeles,CA,90034,310-498-5651,310-254-3084,http://www.feinerbros.com
Graciela,Ruta,gruta@cox.net,Buckley Miller & Wright,98 Connecticut Ave Nw,Chagrin Falls,Geauga,OH,44023,440-780-8425,440-579-7763,http://www.buckleymillerwright.com
Cammy,Albares,calbares@gmail.com,"Rousseaux, Michael Esq",56 E Morehead St,Laredo,Webb,TX,78045,956-537-6195,956-841-7216,http://www.rousseauxmichaelesq.com
Mattie,Poquette,mattie@aol.com,Century Communications,73 State Road 434 E,Phoenix,Maricopa,AZ,85013,602-277-4385,602-953-6360,http://www.centurycommunications.com
Meaghan,Garufi,meaghan@hotmail.com,"Bolton, Wilbur Esq",69734 E Carrillo St,Mc Minnville,Warren,TN,37110,931-313-9635,931-235-7959,http://www.boltonwilburesq.com
Gladys,Rim,gladys.rim@rim.org,T M Byxbee Company Pc,322 New Horizon Blvd,Milwaukee,Milwaukee,WI,53207,414-661-9598,414-377-2880,http://www.tmbyxbeecompanypc.com
Yuki,Whobrey,yuki_whobrey@-aol.com,Farmers Insurance Group,1 State Route 27,Taylor,Wayne,MI,48180,313-288-7937,313-341-4470,http://www.farmersinsurancegroup.com
Fletcher,Flosi,fletcher.flosi@yahoo.com,Post Box Services Plus,394 Manchester Blvd,Rockford,Winnebago,IL,61109,815-828-2147,815-426-5657,http://www.postboxservicesplus.com
Bette,Nicka,bette_nicka@cox.net,Sport En Art,6 S 33rd St,Aston,Delaware,PA,19014,610-545-3615,610-492-4643,http://www.sportenart.com
Veronika,Inouye,vinouye@aol.com,C 4 Network Inc,6 Greenleaf Ave,San Jose,Santa Clara,CA,95111,408-540-1785,408-813-4592,http://www.cnetworkinc.com
Willard,Kolmetz,willard@hotmail.com,"Ingalls, Donald R Esq",618 W Yakima Ave,Irving,Dallas,TX,75062,972-303-9197,972-896-4882,http://www.ingallsdonaldresq.com
Maryann,Royster,mroyster@royster.com,"Franklin, Peter L Esq",74 S Westgate St,Albany,Albany,NY,12204,518-966-7987,518-448-8982,http://www.franklinpeterlesq.com
Alisha,Slusarski,alisha@slusarski.com,Wtlz Power 107 Fm,3273 State St,Middlesex,Middlesex,NJ,8846,732-658-3154,732-635-3453,http://www.wtlzpowerfm.com
Allene,Iturbide,allene_iturbide@cox.net,"Ledecky, David Esq",1 Central Ave,Stevens Point,Portage,WI,54481,715-662-6764,715-530-9863,http://www.ledeckydavidesq.com
Chanel,Caudy,chanel.caudy@caudy.org,Professional Image Inc,86 Nw 66th St #8673,Shawnee,Johnson,KS,66218,913-388-2079,913-899-1103,http://www.professionalimageinc.com
Ezekiel,Chui,ezekiel@chui.com,"Sider, Donald C Esq",2 Cedar Ave #84,Easton,Talbot,MD,21601,410-669-1642,410-235-8738,http://www.siderdonaldcesq.com
Willow,Kusko,wkusko@-yahoo.com,U Pull It,90991 Thorburn Ave,New York,New York,NY,10011,212-582-4976,212-934-5167,http://www.upullit.com
Bernardo,Figeroa,bfigeroa@aol.com,"Clark, Richard Cpa",386 9th Ave N,Conroe,Montgomery,TX,77301,936-336-3951,936-597-3614,http://www.clarkrichardcpa.com
Ammie,Corrio,ammie@corrio.com,"Moskowitz, Barry S",74874 Atlantic Ave,Columbus,Franklin,OH,43215,614-801-9788,614-648-3265,http://www.moskowitzbarrys.com
Francine,Vocelka,francine_vocelka@vocelka.com,Cascade Realty Advisors Inc,366 South Dr,Las Cruces,Dona Ana,NM,88011,505-977-3911,505-335-5293,http://www.cascaderealtyadvisorsinc.com
Ernie,Stenseth,ernie_stenseth@aol.com,Knwz Newsradio,45 E Liberty St,Ridgefield Park,Bergen,NJ,7660,201-709-6245,201-387-9093,http://www.knwznewsradio.com
Albina,Glick,albina@glick.com,"Giampetro, Anthony D",4 Ralph Ct,Dunellen,Middlesex,NJ,8812,732-924-7882,732-782-6701,http://www.giampetroanthonyd.com
Alishia,Sergi,asergi@gmail.com,Milford Enterprises Inc,2742 Distribution Way,New York,New York,NY,10025,212-860-1579,212-753-2740,http://www.milfordenterprisesinc.com
Solange,Shinko,solange@shinko.com,"Mosocco, Ronald A",426 Wolf St,Metairie,Jefferson,LA,70002,504-979-9175,504-265-8174,http://www.mosoccoronalda.com
Jose,Stockham,jose@yahoo.com,Tri State Refueler Co,128 Bransten Rd,New York,New York,NY,10011,212-675-8570,212-569-4233,http://www.tristaterefuelerco.com
Rozella,Ostrosky,rozella.ostrosky@ostrosky.com,Parkway Company,17 Morena Blvd,Camarillo,Ventura,CA,93012,805-832-6163,805-609-1531,http://www.parkwaycompany.com
Valentine,Gillian,valentine_gillian@-gmail.com,Fbs Business Finance,775 W 17th St,San Antonio,Bexar,TX,78204,210-812-9597,210-300-6244,http://www.fbsbusinessfinance.com
Kati,Rulapaugh,kati.rulapaugh@hotmail.com,Eder Assocs Consltng Engrs Pc,6980 Dorsett Rd,Abilene,Dickinson,KS,67410,785-463-7829,785-219-7724,http://www.ederassocsconsltngengrspc.com
Youlanda,Schemmer,youlanda@aol.com,Tri M Tool Inc,2881 Lewis Rd,Prineville,Crook,OR,97754,541-548-8197,541-993-2611,http://www.trimtoolinc.com
Dyan,Oldroyd,doldroyd@aol.com,International Eyelets Inc,7219 Woodfield Rd,Overland Park,Johnson,KS,66204,913-413-4604,913-645-8918,http://www.internationaleyeletsinc.com
Roxane,Campain,roxane@hotmail.com,Rapid Trading Intl,1048 Main St,Fairbanks,Fairbanks North Star,AK,99708,907-231-4722,907-335-6568,http://www.rapidtradingintl.com
Lavera,Perin,lperin@perin.org,Abc Enterprises Inc,678 3rd Ave,Miami,Miami-Dade,FL,33196,305-606-7291,305-995-2078,http://www.abcenterprisesinc.com
Erick,Ferencz,erick.ferencz@aol.com,Cindy Turner Associates,20 S Babcock St,Fairbanks,Fairbanks North Star,AK,99712,907-741-1044,907-227-6777,http://www.cindyturnerassociates.com
Fatima,Saylors,fsaylors@saylors.org,"Stanton, James D Esq",2 Lighthouse Ave,Hopkins,Hennepin,MN,55343,952-768-2416,952-479-2375,http://www.stantonjamesdesq.com
Jina,Briddick,jina_briddick@briddick.com,Grace Pastries Inc,38938 Park Blvd,Boston,Suffolk,MA,2128,617-399-5124,617-997-5771,http://www.gracepastriesinc.com
Kanisha,Waycott,kanisha_waycott@yahoo.com,"Schroer, Gene E Esq",5 Tomahawk Dr,Los Angeles,Los Angeles,CA,90006,323-453-2780,323-315-7314,http://www.schroergeneeesq.com
Emerson,Bowley,emerson.bowley@-bowley.org,Knights Inn,762 S Main St,Madison,Dane,WI,53711,608-336-7444,608-658-7940,http://www.knightsinn.com
Blair,Malet,bmalet@yahoo.com,Bollinger Mach Shp & Shipyard,209 Decker Dr,Philadelphia,Philadelphia,PA,19132,215-907-9111,215-794-4519,http://www.bollingermachshpshipyard.com
Brock,Bolognia,bbolognia@yahoo.com,Orinda News,4486 W O St #1,New York,New York,NY,10003,212-402-9216,212-617-5063,http://www.orindanews.com
Lorrie,Nestle,lnestle@hotmail.com,Ballard Spahr Andrews,39 S 7th St,Tullahoma,Coffee,TN,37388,931-875-6644,931-303-6041,http://www.ballardspahrandrews.com
Sabra,Uyetake,sabra@uyetake.org,Lowy Limousine Service,98839 Hawthorne Blvd #6101,Columbia,Richland,SC,29201,803-925-5213,803-681-3678,http://www.lowylimousineservice.com
Marjory,Mastella,mmastella@mastella.com,Vicon Corporation,71 San Mateo Ave,Wayne,Delaware,PA,19087,610-814-5533,610-379-7125,http://www.viconcorporation.com
Karl,Klonowski,karl_klonowski@yahoo.com,"Rossi, Michael M",76 Brooks St #9,Flemington,Hunterdon,NJ,8822,908-877-6135,908-470-4661,http://www.rossimichaelm.com
Tonette,Wenner,twenner@aol.com,Northwest Publishing,4545 Courthouse Rd,Westbury,Nassau,NY,11590,516-968-6051,516-333-4861,http://www.northwestpublishing.com
Amber,Monarrez,amber_monarrez@monarrez.org,Branford Wire & Mfg Co,14288 Foster Ave #4121,Jenkintown,Montgomery,PA,19046,215-934-8655,215-329-6386,http://www.branfordwiremfgco.com
Shenika,Seewald,shenika@gmail.com,East Coast Marketing,4 Otis St,Van Nuys,Los Angeles,CA,91405,818-423-4007,818-749-8650,http://www.eastcoastmarketing.com
Delmy,Ahle,delmy.ahle@-hotmail.com,Wye Technologies Inc,65895 S 16th St,Providence,Providence,RI,2909,401-458-2547,401-559-8961,http://www.wyetechnologiesinc.com
Deeanna,Juhas,deeanna_juhas@gmail.com,"Healy, George W Iv",14302 Pennsylvania Ave,Huntingdon Valley,Montgomery,PA,19006,215-211-9589,215-417-9563,http://www.healygeorgewiv.com
Blondell,Pugh,bpugh@aol.com,Alpenlite Inc,201 Hawk Ct,Providence,Providence,RI,2904,401-960-8259,401-300-8122,http://www.alpenliteinc.com
Jamal,Vanausdal,jamal@vanausdal.org,"Hubbard, Bruce Esq",53075 Sw 152nd Ter #615,Monroe Township,Middlesex,NJ,8831,732-234-1546,732-904-2931,http://www.hubbardbruceesq.com
Cecily,Hollack,cecily@hollack.org,Arthur A Oliver & Son Inc,59 N Groesbeck Hwy,Austin,Travis,TX,78731,512-486-3817,512-861-3814,http://www.arthuraoliversoninc.com
Carmelina,Lindall,carmelina_lindall@lindall.com,George Jessop Carter Jewelers,2664 Lewis Rd,Littleton,Douglas,CO,80126,303-724-7371,303-874-5160,http://www.georgejessopcarterjewelers.com
Maurine,Yglesias,maurine_yglesias@yglesias.com,"Schultz, Thomas C Md",59 Shady Ln #53,Milwaukee,Milwaukee,WI,53214,414-748-1374,414-573-7719,http://www.schultzthomascmd.com
Tawna,Buvens,tawna@gmail.com,H H H Enterprises Inc,3305 Nabell Ave #679,New York,New York,NY,10009,212-674-9610,212-462-9157,http://www.hhhenterprisesinc.com
Penney,Weight,penney_weight@aol.com,Hawaiian King Hotel,18 Fountain St,Anchorage,Anchorage,AK,99515,907-797-9628,907-873-2882,http://www.hawaiiankinghotel.com
Elly,Morocco,elly_morocco@gmail.com,Killion Industries,7 W 32nd St,Erie,Erie,PA,16502,814-393-5571,814-420-3553,http://www.killionindustries.com
Ilene,Eroman,ilene.eroman@-hotmail.com,"Robinson, William J Esq",2853 S Central Expy,Glen Burnie,Anne Arundel,MD,21061,410-914-9018,410-937-4543,http://www.robinsonwilliamjesq.com
Vallie,Mondella,vmondella@mondella.com,Private Properties,74 W College St,Boise,Ada,ID,83707,208-862-5339,208-737-8439,http://www.privateproperties.com
Kallie,Blackwood,kallie.blackwood@gmail.com,Rowley Schlimgen Inc,701 S Harrison Rd,San Francisco,San Francisco,CA,94104,415-315-2761,415-604-7609,http://www.rowleyschlimgeninc.com
Johnetta,Abdallah,johnetta_abdallah@aol.com,Forging Specialties,1088 Pinehurst St,Chapel Hill,Orange,NC,27514,919-225-9345,919-715-3791,http://www.forgingspecialties.com
Bobbye,Rhym,brhym@rhym.com,"Smits, Patricia Garity",30 W 80th St #1995,San Carlos,San Mateo,CA,94070,650-528-5783,650-811-9032,http://www.smitspatriciagarity.com
Micaela,Rhymes,micaela_rhymes@gmail.com,H Lee Leonard Attorney At Law,20932 Hedley St,Concord,Contra Costa,CA,94520,925-647-3298,925-522-7798,http://www.hleeleonardattorneyatlaw.com
Tamar,Hoogland,tamar@hotmail.com,A K Construction Co,2737 Pistorio Rd #9230,London,Madison,OH,43140,740-343-8575,740-526-5410,http://www.akconstructionco.com
Moon,Parlato,moon@yahoo.com,"Ambelang, Jessica M Md",74989 Brandon St,Wellsville,Allegany,NY,14895,585-866-8313,585-498-4278,http://www.ambelangjessicammd.com
Laurel,Reitler,laurel_reitler@reitler.com,Q A Service,6 Kains Ave,Baltimore,Baltimore City,MD,21215,410-520-4832,410-957-6903,http://www.qaservice.com
Delisa,Crupi,delisa.crupi@crupi.com,Wood & Whitacre Contractors,47565 W Grand Ave,Newark,Essex,NJ,7105,973-354-2040,973-847-9611,http://www.woodwhitacrecontractors.com
Viva,Toelkes,viva.toelkes@-gmail.com,Mark Iv Press Ltd,4284 Dorigo Ln,Chicago,Cook,IL,60647,773-446-5569,773-352-3437,http://www.markivpressltd.com
Elza,Lipke,elza@yahoo.com,Museum Of Science & Industry,6794 Lake Dr E,Newark,Essex,NJ,7104,973-927-3447,973-796-3667,http://www.museumofscienceindustry.com
Devorah,Chickering,devorah@hotmail.com,Garrison Ind,31 Douglas Blvd #950,Clovis,Curry,NM,88101,505-975-8559,505-950-1763,http://www.garrisonind.com
Timothy,Mulqueen,timothy_mulqueen@mulqueen.org,Saronix Nymph Products,44 W 4th St,Staten Island,Richmond,NY,10309,718-332-6527,718-654-7063,http://www.saronixnymphproducts.com
Arlette,Honeywell,ahoneywell@honeywell.com,Smc Inc,11279 Loytan St,Jacksonville,Duval,FL,32254,904-775-4480,904-514-9918,http://www.smcinc.com
Dominque,Dickerson,dominque.dickerson@dickerson.org,E A I Electronic Assocs Inc,69 Marquette Ave,Hayward,Alameda,CA,94545,510-993-3758,510-901-7640,http://www.eaielectronicassocsinc.com
Lettie,Isenhower,lettie_isenhower@yahoo.com,"Conte, Christopher A Esq",70 W Main St,Beachwood,Cuyahoga,OH,44122,216-657-7668,216-733-8494,http://www.contechristopheraesq.com
Myra,Munns,mmunns@cox.net,Anker Law Office,461 Prospect Pl #316,Euless,Tarrant,TX,76040,817-914-7518,817-451-3518,http://www.ankerlawoffice.com
Stephaine,Barfield,stephaine@barfield.com,Beutelschies & Company,47154 Whipple Ave Nw,Gardena,Los Angeles,CA,90247,310-774-7643,310-968-1219,http://www.beutelschiescompany.com
Lai,Gato,lai.gato@gato.org,"Fligg, Kenneth I Jr",37 Alabama Ave,Evanston,Cook,IL,60201,847-728-7286,847-957-4614,http://www.fliggkennethijr.com
Stephen,Emigh,stephen_emigh@-hotmail.com,"Sharp, J Daniel Esq",3777 E Richmond St #900,Akron,Summit,OH,44302,330-537-5358,330-700-2312,http://www.sharpjdanielesq.com
Tyra,Shields,tshields@gmail.com,"Assink, Anne H Esq",3 Fort Worth Ave,Philadelphia,Philadelphia,PA,19106,215-255-1641,215-228-8264,http://www.assinkannehesq.com
Tammara,Wardrip,twardrip@cox.net,Jewel My Shop Inc,4800 Black Horse Pike,Burlingame,San Mateo,CA,94010,650-803-1936,650-216-5075,http://www.jewelmyshopinc.com
Cory,Gibes,cory.gibes@gmail.com,Chinese Translation Resources,83649 W Belmont Ave,San Gabriel,Los Angeles,CA,91776,626-572-1096,626-696-2777,http://www.chinesetranslationresources.com
Danica,Bruschke,danica_bruschke@gmail.com,"Stevens, Charles T",840 15th Ave,Waco,McLennan,TX,76708,254-782-8569,254-205-1422,http://www.stevenscharlest.com
Wilda,Giguere,wilda@cox.net,"Mclaughlin, Luther W Cpa",1747 Calle Amanecer #2,Anchorage,Anchorage,AK,99501,907-870-5536,907-914-9482,http://www.mclaughlinlutherwcpa.com
Elvera,Benimadho,elvera.benimadho@cox.net,Tree Musketeers,99385 Charity St #840,San Jose,Santa Clara,CA,95110,408-703-8505,408-440-8447,http://www.treemusketeers.com
Carma,Vanheusen,carma@cox.net,Springfield Div Oh Edison Co,68556 Central Hwy,San Leandro,Alameda,CA,94577,510-503-7169,510-452-4835,http://www.springfielddivohedisonco.com
Malinda,Hochard,malinda.hochard@yahoo.com,Logan Memorial Hospital,55 Riverside Ave,Indianapolis,Marion,IN,46202,317-722-5066,317-472-2412,http://www.loganmemorialhospital.com
Natalie,Fern,natalie.fern@hotmail.com,"Kelly, Charles G Esq",7140 University Ave,Rock Springs,Sweetwater,WY,82901,307-704-8713,307-279-3793,http://www.kellycharlesgesq.com
Lisha,Centini,lisha@-centini.org,Industrial Paper Shredders Inc,64 5th Ave #1153,Mc Lean,Fairfax,VA,22102,703-235-3937,703-475-7568,http://www.industrialpapershreddersinc.com
Arlene,Klusman,arlene_klusman@gmail.com,Beck Horizon Builders,3 Secor Rd,New Orleans,Orleans,LA,70112,504-710-5840,504-946-1807,http://www.beckhorizonbuilders.com
Alease,Buemi,alease@buemi.com,Porto Cayo At Hawks Cay,4 Webbs Chapel Rd,Boulder,Boulder,CO,80303,303-301-4946,303-521-9860,http://www.portocayoathawkscay.com
Louisa,Cronauer,louisa@cronauer.com,Pacific Grove Museum Ntrl Hist,524 Louisiana Ave Nw,San Leandro,Alameda,CA,94577,510-828-7047,510-472-7758,http://www.pacificgrovemuseumntrlhist.com
Angella,Cetta,angella.cetta@hotmail.com,Bender & Hatley Pc,185 Blackstone Bldge,Honolulu,Honolulu,HI,96817,808-892-7943,808-475-2310,http://www.benderhatleypc.com
Cyndy,Goldammer,cgoldammer@cox.net,Di Cristina J & Son,170 Wyoming Ave,Burnsville,Dakota,MN,55337,952-334-9408,952-938-9457,http://www.dicristinajson.com
Rosio,Cork,rosio.cork@gmail.com,Green Goddess,4 10th St W,High Point,Guilford,NC,27263,336-243-5659,336-497-4407,http://www.greengoddess.com
Celeste,Korando,ckorando@hotmail.com,American Arts & Graphics,7 W Pinhook Rd,Lynbrook,Nassau,NY,11563,516-509-2347,516-365-7266,http://www.americanartsgraphics.com
Twana,Felger,twana.felger@felger.org,Opryland Hotel,1 Commerce Way,Portland,Washington,OR,97224,503-939-3153,503-909-7167,http://www.oprylandhotel.com
Estrella,Samu,estrella@aol.com,Marking Devices Pubg Co,64 Lakeview Ave,Beloit,Rock,WI,53511,608-976-7199,608-942-8836,http://www.markingdevicespubgco.com
Donte,Kines,dkines@hotmail.com,W Tc Industries Inc,3 Aspen St,Worcester,Worcester,MA,1602,508-429-8576,508-843-1426,http://www.wtcindustriesinc.com
Tiffiny,Steffensmeier,tiffiny_steffensmeier@cox.net,Whitehall Robbins Labs Divsn,32860 Sierra Rd,Miami,Miami-Dade,FL,33133,305-385-9695,305-304-6573,http://www.whitehallrobbinslabsdivsn.com
Edna,Miceli,emiceli@miceli.org,Sampler,555 Main St,Erie,Erie,PA,16502,814-460-2655,814-299-2877,http://www.sampler.com
Sue,Kownacki,sue@aol.com,Juno Chefs Incorporated,2 Se 3rd Ave,Mesquite,Dallas,TX,75149,972-666-3413,972-742-4000,http://www.junochefsincorporated.com
Jesusa,Shin,jshin@shin.com,"Carroccio, A Thomas Esq",2239 Shawnee Mission Pky,Tullahoma,Coffee,TN,37388,931-273-8709,931-739-1551,http://www.carroccioathomasesq.com
Rolland,Francescon,rolland@cox.net,"Stanley, Richard L Esq",2726 Charcot Ave,Paterson,Passaic,NJ,7501,973-649-2922,973-284-4048,http://www.stanleyrichardlesq.com
Pamella,Schmierer,pamella.schmierer@schmierer.org,K Cs Cstm Mouldings Windows,5161 Dorsett Rd,Homestead,Miami-Dade,FL,33030,305-420-8970,305-575-8481,http://www.kcscstmmouldingswindows.com
Glory,Kulzer,gkulzer@kulzer.org,Comfort Inn,55892 Jacksonville Rd,Owings Mills,Baltimore,MD,21117,410-224-9462,410-916-8015,http://www.comfortinn.com
Shawna,Palaspas,shawna_palaspas@palaspas.org,"Windsor, James L Esq",5 N Cleveland Massillon Rd,Thousand Oaks,Ventura,CA,91362,805-275-3566,805-638-6617,http://www.windsorjameslesq.com
Brandon,Callaro,brandon_callaro@hotmail.com,Jackson Shields Yeiser,7 Benton Dr,Honolulu,Honolulu,HI,96819,808-215-6832,808-240-5168,http://www.jacksonshieldsyeiser.com
Scarlet,Cartan,scarlet.cartan@yahoo.com,"Box, J Calvin Esq",9390 S Howell Ave,Albany,Dougherty,GA,31701,229-735-3378,229-365-9658,http://www.boxjcalvinesq.com
Oretha,Menter,oretha_menter@yahoo.com,Custom Engineering Inc,8 County Center Dr #647,Boston,Suffolk,MA,2210,617-418-5043,617-697-6024,http://www.customengineeringinc.com
Ty,Smith,tsmith@aol.com,Bresler Eitel Framg Gllry Ltd,4646 Kaahumanu St,Hackensack,Bergen,NJ,7601,201-672-1553,201-995-3149,http://www.breslereitelframggllryltd.com
Xuan,Rochin,xuan@gmail.com,"Carol, Drake Sparks Esq",2 Monroe St,San Mateo,San Mateo,CA,94403,650-933-5072,650-247-2625,http://www.caroldrakesparksesq.com
Lindsey,Dilello,lindsey.dilello@hotmail.com,Biltmore Investors Bank,52777 Leaders Heights Rd,Ontario,San Bernardino,CA,91761,909-639-9887,909-589-1693,http://www.biltmoreinvestorsbank.com
Devora,Perez,devora_perez@perez.org,Desco Equipment Corp,72868 Blackington Ave,Oakland,Alameda,CA,94606,510-955-3016,510-755-9274,http://www.descoequipmentcorp.com
Herman,Demesa,hdemesa@cox.net,Merlin Electric Co,9 Norristown Rd,Troy,Rensselaer,NY,12180,518-497-2940,518-931-7852,http://www.merlinelectricco.com
Rory,Papasergi,rpapasergi@cox.net,Bailey Cntl Co Div Babcock,83 County Road 437 #8581,Clarks Summit,Lackawanna,PA,18411,570-867-7489,570-469-8401,http://www.baileycntlcodivbabcock.com
Talia,Riopelle,talia_riopelle@aol.com,Ford Brothers Wholesale Inc,1 N Harlem Ave #9,Orange,Essex,NJ,7050,973-245-2133,973-818-9788,http://www.fordbrotherswholesaleinc.com
Van,Shire,van.shire@shire.com,Cambridge Inn,90131 J St,Pittstown,Hunterdon,NJ,8867,908-409-2890,908-448-1209,http://www.cambridgeinn.com
Lucina,Lary,lucina_lary@cox.net,"Matricciani, Albert J Jr",8597 W National Ave,Cocoa,Brevard,FL,32922,321-749-4981,321-632-4668,http://www.matriccianialbertjjr.com
Bok,Isaacs,bok.isaacs@aol.com,Nelson Hawaiian Ltd,6 Gilson St,Bronx,Bronx,NY,10468,718-809-3762,718-478-8568,http://www.nelsonhawaiianltd.com
Rolande,Spickerman,rolande.spickerman@spickerman.com,Neland Travel Agency,65 W Maple Ave,Pearl City,Honolulu,HI,96782,808-315-3077,808-526-5863,http://www.nelandtravelagency.com
Howard,Paulas,hpaulas@gmail.com,"Asendorf, J Alan Esq",866 34th Ave,Denver,Denver,CO,80231,303-623-4241,303-692-3118,http://www.asendorfjalanesq.com
Kimbery,Madarang,kimbery_madarang@cox.net,"Silberman, Arthur L Esq",798 Lund Farm Way,Rockaway,Morris,NJ,7866,973-310-1634,973-225-6259,http://www.silbermanarthurlesq.com
Thurman,Manno,thurman.manno@yahoo.com,Honey Bee Breeding Genetics &,9387 Charcot Ave,Absecon,Atlantic,NJ,8201,609-524-3586,609-234-8376,http://www.honeybeebreedinggenetics.com
Becky,Mirafuentes,becky.mirafuentes@mirafuentes.com,Wells Kravitz Schnitzer,30553 Washington Rd,Plainfield,Union,NJ,7062,908-877-8409,908-426-8272,http://www.wellskravitzschnitzer.com
Beatriz,Corrington,beatriz@yahoo.com,Prohab Rehabilitation Servs,481 W Lemon St,Middleboro,Plymouth,MA,2346,508-584-4279,508-315-3867,http://www.prohabrehabilitationservs.com
Marti,Maybury,marti.maybury@yahoo.com,"Eldridge, Kristin K Esq",4 Warehouse Point Rd #7,Chicago,Cook,IL,60638,773-775-4522,773-539-1058,http://www.eldridgekristinkesq.com
Nieves,Gotter,nieves_gotter@gmail.com,"Vlahos, John J Esq",4940 Pulaski Park Dr,Portland,Multnomah,OR,97202,503-527-5274,503-455-3094,http://www.vlahosjohnjesq.com
Leatha,Hagele,lhagele@cox.net,Ninas Indian Grs & Videos,627 Walford Ave,Dallas,Dallas,TX,75227,214-339-1809,214-225-5850,http://www.ninasindiangrsvideos.com
Valentin,Klimek,vklimek@klimek.org,"Schmid, Gayanne K Esq",137 Pioneer Way,Chicago,Cook,IL,60604,312-303-5453,312-512-2338,http://www.schmidgayannekesq.com
Melissa,Wiklund,melissa@cox.net,Moapa Valley Federal Credit Un,61 13 Stoneridge #835,Findlay,Hancock,OH,45840,419-939-3613,419-254-4591,http://www.moapavalleyfederalcreditun.com
Sheridan,Zane,sheridan.zane@zane.com,Kentucky Tennessee Clay Co,2409 Alabama Rd,Riverside,Riverside,CA,92501,951-645-3605,951-248-6822,http://www.kentuckytennesseeclayco.com
Bulah,Padilla,bulah_padilla@hotmail.com,Admiral Party Rentals & Sales,8927 Vandever Ave,Waco,McLennan,TX,76707,254-463-4368,254-816-8417,http://www.admiralpartyrentalssales.com
Audra,Kohnert,audra@kohnert.com,"Nelson, Karolyn King Esq",134 Lewis Rd,Nashville,Davidson,TN,37211,615-406-7854,615-448-9249,http://www.nelsonkarolynkingesq.com
Daren,Weirather,dweirather@aol.com,Panasystems,9 N College Ave #3,Milwaukee,Milwaukee,WI,53216,414-959-2540,414-838-3151,http://www.panasystems.com
Fernanda,Jillson,fjillson@aol.com,"Shank, Edward L Esq",60480 Old Us Highway 51,Preston,Caroline,MD,21655,410-387-5260,410-724-6472,http://www.shankedwardlesq.com
Gearldine,Gellinger,gearldine_gellinger@gellinger.com,Megibow & Edwards,4 Bloomfield Ave,Irving,Dallas,TX,75061,972-934-6914,972-821-7118,http://www.megibowedwards.com
Chau,Kitzman,chau@gmail.com,"Benoff, Edward Esq",429 Tiger Ln,Beverly Hills,Los Angeles,CA,90212,310-560-8022,310-969-7230,http://www.benoffedwardesq.com
Theola,Frey,theola_frey@frey.com,Woodbridge Free Public Library,54169 N Main St,Massapequa,Nassau,NY,11758,516-948-5768,516-357-3362,http://www.woodbridgefreepubliclibrary.com
Cheryl,Haroldson,cheryl@haroldson.org,New York Life John Thune,92 Main St,Atlantic City,Atlantic,NJ,8401,609-518-7697,609-263-9243,http://www.newyorklifejohnthune.com
Laticia,Merced,lmerced@gmail.com,Alinabal Inc,72 Mannix Dr,Cincinnati,Hamilton,OH,45203,513-508-7371,513-418-1566,http://www.alinabalinc.com
Carissa,Batman,carissa.batman@yahoo.com,"Poletto, Kim David Esq",12270 Caton Center Dr,Eugene,Lane,OR,97401,541-326-4074,541-801-5717,http://www.polettokimdavidesq.com
Lezlie,Craghead,lezlie.craghead@craghead.org,"Chang, Carolyn Esq",749 W 18th St #45,Smithfield,Johnston,NC,27577,919-533-3762,919-885-2453,http://www.changcarolynesq.com
Ozell,Shealy,oshealy@hotmail.com,Silver Bros Inc,8 Industry Ln,New York,New York,NY,10002,212-332-8435,212-880-8865,http://www.silverbrosinc.com
Arminda,Parvis,arminda@parvis.com,Newtec Inc,1 Huntwood Ave,Phoenix,Maricopa,AZ,85017,602-906-9419,602-277-3025,http://www.newtecinc.com
Reita,Leto,reita.leto@gmail.com,Creative Business Systems,55262 N French Rd,Indianapolis,Marion,IN,46240,317-234-1135,317-787-5514,http://www.creativebusinesssystems.com
Yolando,Luczki,yolando@cox.net,Dal Tile Corporation,422 E 21st St,Syracuse,Onondaga,NY,13214,315-304-4759,315-640-6357,http://www.daltilecorporation.com
Lizette,Stem,lizette.stem@aol.com,Edward S Katz,501 N 19th Ave,Cherry Hill,Camden,NJ,8002,856-487-5412,856-702-3676,http://www.edwardskatz.com
Gregoria,Pawlowicz,gpawlowicz@yahoo.com,Oh My Goodknits Inc,455 N Main Ave,Garden City,Nassau,NY,11530,516-212-1915,516-376-4230,http://www.ohmygoodknitsinc.com
Carin,Deleo,cdeleo@deleo.com,"Redeker, Debbie",1844 Southern Blvd,Little Rock,Pulaski,AR,72202,501-308-1040,501-409-6072,http://www.redekerdebbie.com
Chantell,Maynerich,chantell@yahoo.com,Desert Sands Motel,2023 Greg St,Saint Paul,Ramsey,MN,55101,651-591-2583,651-776-9688,http://www.desertsandsmotel.com
Dierdre,Yum,dyum@yahoo.com,Cummins Southern Plains Inc,63381 Jenks Ave,Philadelphia,Philadelphia,PA,19134,215-325-3042,215-346-4666,http://www.cumminssouthernplainsinc.com
Larae,Gudroe,larae_gudroe@gmail.com,Lehigh Furn Divsn Lehigh,6651 Municipal Rd,Houma,Terrebonne,LA,70360,985-890-7262,985-261-5783,http://www.lehighfurndivsnlehigh.com
Latrice,Tolfree,latrice.tolfree@hotmail.com,United Van Lines Agent,81 Norris Ave #525,Ronkonkoma,Suffolk,NY,11779,631-957-7624,631-998-2102,http://www.unitedvanlinesagent.com
Kerry,Theodorov,kerry.theodorov@gmail.com,Capitol Reporters,6916 W Main St,Sacramento,Sacramento,CA,95827,916-591-3277,916-770-7448,http://www.capitolreporters.com
Dorthy,Hidvegi,dhidvegi@yahoo.com,Kwik Kopy Printing,9635 S Main St,Boise,Ada,ID,83704,208-649-2373,208-690-3315,http://www.kwikkopyprinting.com
Fannie,Lungren,fannie.lungren@yahoo.com,Centro Inc,17 Us Highway 111,Round Rock,Williamson,TX,78664,512-587-5746,512-528-9933,http://www.centroinc.com
Evangelina,Radde,evangelina@aol.com,"Campbell, Jan Esq",992 Civic Center Dr,Philadelphia,Philadelphia,PA,19123,215-964-3284,215-417-5612,http://www.campbelljanesq.com
Novella,Degroot,novella_degroot@degroot.org,"Evans, C Kelly Esq",303 N Radcliffe St,Hilo,Hawaii,HI,96720,808-477-4775,808-746-1865,http://www.evansckellyesq.com
Clay,Hoa,choa@hoa.org,Scat Enterprises,73 Saint Ann St #86,Reno,Washoe,NV,89502,775-501-8109,775-848-9135,http://www.scatenterprises.com
Jennifer,Fallick,jfallick@yahoo.com,"Nagle, Daniel J Esq",44 58th St,Wheeling,Cook,IL,60090,847-979-9545,847-800-3054,http://www.nagledanieljesq.com
Irma,Wolfgramm,irma.wolfgramm@hotmail.com,Serendiquity Bed & Breakfast,9745 W Main St,Randolph,Morris,NJ,7869,973-545-7355,973-868-8660,http://www.serendiquitybedbreakfast.com
Eun,Coody,eun@yahoo.com,Ray Carolyne Realty,84 Bloomfield Ave,Spartanburg,Spartanburg,SC,29301,864-256-3620,864-594-4578,http://www.raycarolynerealty.com
Sylvia,Cousey,sylvia_cousey@cousey.org,"Berg, Charles E",287 Youngstown Warren Rd,Hampstead,Carroll,MD,21074,410-209-9545,410-863-8263,http://www.bergcharlese.com
Nana,Wrinkles,nana@aol.com,"Ray, Milbern D",6 Van Buren St,Mount Vernon,Westchester,NY,10553,914-855-2115,914-796-3775,http://www.raymilbernd.com
Layla,Springe,layla.springe@cox.net,Chadds Ford Winery,229 N Forty Driv,New York,New York,NY,10011,212-260-3151,212-253-7448,http://www.chaddsfordwinery.com
Joesph,Degonia,joesph_degonia@degonia.org,A R Packaging,2887 Knowlton St #5435,Berkeley,Alameda,CA,94710,510-677-9785,510-942-5916,http://www.arpackaging.com
Annabelle,Boord,annabelle.boord@cox.net,Corn Popper,523 Marquette Ave,Concord,Middlesex,MA,1742,978-697-6263,978-289-7717,http://www.cornpopper.com
Stephaine,Vinning,stephaine@cox.net,Birite Foodservice Distr,3717 Hamann Industrial Pky,San Francisco,San Francisco,CA,94104,415-767-6596,415-712-9530,http://www.biritefoodservicedistr.com
Nelida,Sawchuk,nelida@gmail.com,Anchorage Museum Of Hist & Art,3 State Route 35 S,Paramus,Bergen,NJ,7652,201-971-1638,201-247-8925,http://www.anchoragemuseumofhistart.com
Marguerita,Hiatt,marguerita.hiatt@gmail.com,"Haber, George D Md",82 N Highway 67,Oakley,Contra Costa,CA,94561,925-634-7158,925-541-8521,http://www.habergeorgedmd.com
Carmela,Cookey,ccookey@cookey.org,Royal Pontiac Olds Inc,9 Murfreesboro Rd,Chicago,Cook,IL,60623,773-494-4195,773-297-9391,http://www.royalpontiacoldsinc.com
Junita,Brideau,jbrideau@aol.com,Leonards Antiques Inc,6 S Broadway St,Cedar Grove,Essex,NJ,7009,973-943-3423,973-582-5469,http://www.leonardsantiquesinc.com
Claribel,Varriano,claribel_varriano@cox.net,Meca,6 Harry L Dr #6327,Perrysburg,Wood,OH,43551,419-544-4900,419-573-2033,http://www.meca.com
Benton,Skursky,benton.skursky@aol.com,Nercon Engineering & Mfg Inc,47939 Porter Ave,Gardena,Los Angeles,CA,90248,310-579-2907,310-694-8466,http://www.nerconengineeringmfginc.com
Hillary,Skulski,hillary.skulski@aol.com,Replica I,9 Wales Rd Ne #914,Homosassa,Citrus,FL,34448,352-242-2570,352-990-5946,http://www.replicai.com
Merilyn,Bayless,merilyn_bayless@cox.net,20 20 Printing Inc,195 13n N,Santa Clara,Santa Clara,CA,95054,408-758-5015,408-346-2180,http://www.printinginc.com
Teri,Ennaco,tennaco@gmail.com,Publishers Group West,99 Tank Farm Rd,Hazleton,Luzerne,PA,18201,570-889-5187,570-355-1665,http://www.publishersgroupwest.com
Merlyn,Lawler,merlyn_lawler@hotmail.com,"Nischwitz, Jeffrey L Esq",4671 Alemany Blvd,Jersey City,Hudson,NJ,7304,201-588-7810,201-858-9960,http://www.nischwitzjeffreylesq.com
Georgene,Montezuma,gmontezuma@cox.net,Payne Blades & Wellborn Pa,98 University Dr,San Ramon,Contra Costa,CA,94583,925-615-5185,925-943-3449,http://www.paynebladeswellbornpa.com
Jettie,Mconnell,jmconnell@hotmail.com,Coldwell Bnkr Wright Real Est,50 E Wacker Dr,Bridgewater,Somerset,NJ,8807,908-802-3564,908-602-5258,http://www.coldwellbnkrwrightrealest.com
Lemuel,Latzke,lemuel.latzke@gmail.com,Computer Repair Service,70 Euclid Ave #722,Bohemia,Suffolk,NY,11716,631-748-6479,631-291-4976,http://www.computerrepairservice.com
Melodie,Knipp,mknipp@gmail.com,Fleetwood Building Block Inc,326 E Main St #6496,Thousand Oaks,Ventura,CA,91362,805-690-1682,805-810-8964,http://www.fleetwoodbuildingblockinc.com
Candida,Corbley,candida_corbley@hotmail.com,Colts Neck Medical Assocs Inc,406 Main St,Somerville,Somerset,NJ,8876,908-275-8357,908-943-6103,http://www.coltsneckmedicalassocsinc.com
Karan,Karpin,karan_karpin@gmail.com,New England Taxidermy,3 Elmwood Dr,Beaverton,Washington,OR,97005,503-940-8327,503-707-5812,http://www.newenglandtaxidermy.com
Andra,Scheyer,andra@gmail.com,"Ludcke, George O Esq",9 Church St,Salem,Marion,OR,97302,503-516-2189,503-950-3068,http://www.ludckegeorgeoesq.com
Felicidad,Poullion,fpoullion@poullion.com,"Mccorkle, Tom S Esq",9939 N 14th St,Riverton,Burlington,NJ,8077,856-305-9731,856-828-6021,http://www.mccorkletomsesq.com
Belen,Strassner,belen_strassner@aol.com,Eagle Software Inc,5384 Southwyck Blvd,Douglasville,Douglas,GA,30135,770-507-8791,770-802-4003,http://www.eaglesoftwareinc.com
Gracia,Melnyk,gracia@melnyk.com,Juvenile & Adult Super,97 Airport Loop Dr,Jacksonville,Duval,FL,32216,904-235-3633,904-627-4341,http://www.juvenileadultsuper.com
Jolanda,Hanafan,jhanafan@gmail.com,"Perez, Joseph J Esq",37855 Nolan Rd,Bangor,Penobscot,ME,4401,207-458-9196,207-233-6185,http://www.perezjosephjesq.com
Barrett,Toyama,barrett.toyama@toyama.org,Case Foundation Co,4252 N Washington Ave #9,Kennedale,Tarrant,TX,76060,817-765-5781,817-577-6151,http://www.casefoundationco.com
Helga,Fredicks,helga_fredicks@yahoo.com,Eis Environmental Engrs Inc,42754 S Ash Ave,Buffalo,Erie,NY,14228,716-752-4114,716-854-9845,http://www.eisenvironmentalengrsinc.com
Ashlyn,Pinilla,apinilla@cox.net,Art Crafters,703 Beville Rd,Opa Locka,Miami-Dade,FL,33054,305-670-9628,305-857-5489,http://www.artcrafters.com
Fausto,Agramonte,fausto_agramonte@yahoo.com,Marriott Hotels Resorts Suites,5 Harrison Rd,New York,New York,NY,10038,212-313-1783,212-778-3063,http://www.marriotthotelsresortssuites.com
Ronny,Caiafa,ronny.caiafa@caiafa.org,Remaco Inc,73 Southern Blvd,Philadelphia,Philadelphia,PA,19103,215-605-7570,215-511-3531,http://www.remacoinc.com
Marge,Limmel,marge@gmail.com,"Bjork, Robert D Jr",189 Village Park Rd,Crestview,Okaloosa,FL,32536,850-430-1663,850-330-8079,http://www.bjorkrobertdjr.com
Norah,Waymire,norah.waymire@gmail.com,"Carmichael, Jeffery L Esq",6 Middlegate Rd #106,San Francisco,San Francisco,CA,94107,415-306-7897,415-874-2984,http://www.carmichaeljefferylesq.com
Aliza,Baltimore,aliza@aol.com,"Andrews, J Robert Esq",1128 Delaware St,San Jose,Santa Clara,CA,95132,408-504-3552,408-425-1994,http://www.andrewsjrobertesq.com
Mozell,Pelkowski,mpelkowski@pelkowski.org,Winship & Byrne,577 Parade St,South San Francisco,San Mateo,CA,94080,650-947-1215,650-960-1069,http://www.winshipbyrne.com
Viola,Bitsuie,viola@gmail.com,Burton & Davis,70 Mechanic St,Northridge,Los Angeles,CA,91325,818-864-4875,818-481-5787,http://www.burtondavis.com
Franklyn,Emard,femard@emard.com,Olympic Graphic Arts,4379 Highway 116,Philadelphia,Philadelphia,PA,19103,215-558-8189,215-483-3003,http://www.olympicgraphicarts.com
Willodean,Konopacki,willodean_konopacki@konopacki.org,Magnuson,55 Hawthorne Blvd,Lafayette,Lafayette,LA,70506,337-253-8384,337-774-7564,http://www.magnuson.com
Beckie,Silvestrini,beckie.silvestrini@silvestrini.com,A All American Travel Inc,7116 Western Ave,Dearborn,Wayne,MI,48126,313-533-4884,313-390-7855,http://www.aallamericantravelinc.com
Rebecka,Gesick,rgesick@gesick.org,Polykote Inc,2026 N Plankinton Ave #3,Austin,Travis,TX,78754,512-213-8574,512-693-8345,http://www.polykoteinc.com
Frederica,Blunk,frederica_blunk@gmail.com,Jets Cybernetics,99586 Main St,Dallas,Dallas,TX,75207,214-428-2285,214-529-1949,http://www.jetscybernetics.com
Glen,Bartolet,glen_bartolet@hotmail.com,Metlab Testing Services,8739 Hudson St,Vashon,King,WA,98070,206-697-5796,206-389-1482,http://www.metlabtestingservices.com
Freeman,Gochal,freeman_gochal@aol.com,"Kellermann, William T Esq",383 Gunderman Rd #197,Coatesville,Chester,PA,19320,610-476-3501,610-752-2683,http://www.kellermannwilliamtesq.com
Vincent,Meinerding,vincent.meinerding@hotmail.com,"Arturi, Peter D Esq",4441 Point Term Mkt,Philadelphia,Philadelphia,PA,19143,215-372-1718,215-829-4221,http://www.arturipeterdesq.com
Rima,Bevelacqua,rima@cox.net,Mcauley Mfg Co,2972 Lafayette Ave,Gardena,Los Angeles,CA,90248,310-858-5079,310-499-4200,http://www.mcauleymfgco.com
Glendora,Sarbacher,gsarbacher@gmail.com,Defur Voran Hanley Radcliff,2140 Diamond Blvd,Rohnert Park,Sonoma,CA,94928,707-653-8214,707-881-3154,http://www.defurvoranhanleyradcliff.com
Avery,Steier,avery@cox.net,Dill Dill Carr & Stonbraker Pc,93 Redmond Rd #492,Orlando,Orange,FL,32803,407-808-9439,407-945-8566,http://www.dilldillcarrstonbrakerpc.com
Cristy,Lother,cristy@lother.com,Kleensteel,3989 Portage Tr,Escondido,San Diego,CA,92025,760-971-4322,760-465-4762,http://www.kleensteel.com
Nicolette,Brossart,nicolette_brossart@brossart.com,Goulds Pumps Inc Slurry Pump,1 Midway Rd,Westborough,Worcester,MA,1581,508-837-9230,508-504-6388,http://www.gouldspumpsincslurrypump.com
Tracey,Modzelewski,tracey@hotmail.com,Kansas City Insurance Report,77132 Coon Rapids Blvd Nw,Conroe,Montgomery,TX,77301,936-264-9294,936-988-8171,http://www.kansascityinsurancereport.com
Virgina,Tegarden,virgina_tegarden@tegarden.com,Berhanu International Foods,755 Harbor Way,Milwaukee,Milwaukee,WI,53226,414-214-8697,414-411-5744,http://www.berhanuinternationalfoods.com
Tiera,Frankel,tfrankel@aol.com,Roland Ashcroft,87 Sierra Rd,El Monte,Los Angeles,CA,91731,626-636-4117,626-638-4241,http://www.rolandashcroft.com
Alaine,Bergesen,alaine_bergesen@cox.net,Hispanic Magazine,7667 S Hulen St #42,Yonkers,Westchester,NY,10701,914-300-9193,914-654-1426,http://www.hispanicmagazine.com
Earleen,Mai,earleen_mai@cox.net,Little Sheet Metal Co,75684 S Withlapopka Dr #32,Dallas,Dallas,TX,75227,214-289-1973,214-785-6750,http://www.littlesheetmetalco.com
Leonida,Gobern,leonida@gobern.org,"Holmes, Armstead J Esq",5 Elmwood Park Blvd,Biloxi,Harrison,MS,39530,228-235-5615,228-432-4635,http://www.holmesarmsteadjesq.com
Ressie,Auffrey,ressie.auffrey@yahoo.com,"Faw, James C Cpa",23 Palo Alto Sq,Miami,Miami-Dade,FL,33134,305-604-8981,305-287-4743,http://www.fawjamesccpa.com
Justine,Mugnolo,jmugnolo@yahoo.com,Evans Rule Company,38062 E Main St,New York,New York,NY,10048,212-304-9225,212-311-6377,http://www.evansrulecompany.com
Eladia,Saulter,eladia@saulter.com,Tyee Productions Inc,3958 S Dupont Hwy #7,Ramsey,Bergen,NJ,7446,201-474-4924,201-365-8698,http://www.tyeeproductionsinc.com
Chaya,Malvin,chaya@malvin.com,Dunnells & Duvall,560 Civic Center Dr,Ann Arbor,Washtenaw,MI,48103,734-928-5182,734-408-8174,http://www.dunnellsduvall.com
Gwenn,Suffield,gwenn_suffield@suffield.org,Deltam Systems Inc,3270 Dequindre Rd,Deer Park,Suffolk,NY,11729,631-258-6558,631-295-9879,http://www.deltamsystemsinc.com
Salena,Karpel,skarpel@cox.net,Hammill Mfg Co,1 Garfield Ave #7,Canton,Stark,OH,44707,330-791-8557,330-618-2579,http://www.hammillmfgco.com
Yoko,Fishburne,yoko@fishburne.com,Sams Corner Store,9122 Carpenter Ave,New Haven,New Haven,CT,6511,203-506-4706,203-840-8634,http://www.samscornerstore.com
Taryn,Moyd,taryn.moyd@hotmail.com,"Siskin, Mark J Esq",48 Lenox St,Fairfax,Fairfax City,VA,22030,703-322-4041,703-938-7939,http://www.siskinmarkjesq.com
Katina,Polidori,katina_polidori@aol.com,Cape & Associates Real Estate,5 Little River Tpke,Wilmington,Middlesex,MA,1887,978-626-2978,978-679-7429,http://www.capeassociatesrealestate.com
Rickie,Plumer,rickie.plumer@aol.com,Merrill Lynch,3 N Groesbeck Hwy,Toledo,Lucas,OH,43613,419-693-1334,419-313-5571,http://www.merrilllynch.com
Alex,Loader,alex@loader.com,"Sublett, Scott Esq",37 N Elm St #916,Tacoma,Pierce,WA,98409,253-660-7821,253-875-9222,http://www.sublettscottesq.com
Lashon,Vizarro,lashon@aol.com,Sentry Signs,433 Westminster Blvd #590,Roseville,Placer,CA,95661,916-741-7884,916-289-4526,http://www.sentrysigns.com
Lauran,Burnard,lburnard@burnard.com,Professionals Unlimited,66697 Park Pl #3224,Riverton,Fremont,WY,82501,307-342-7795,307-453-7589,http://www.professionalsunlimited.com
Ceola,Setter,ceola.setter@setter.org,Southern Steel Shelving Co,96263 Greenwood Pl,Warren,Knox,ME,4864,207-627-7565,207-297-5029,http://www.southernsteelshelvingco.com
My,Rantanen,my@hotmail.com,"Bosco, Paul J",8 Mcarthur Ln,Richboro,Bucks,PA,18954,215-491-5633,215-647-2158,http://www.boscopaulj.com
Lorrine,Worlds,lorrine.worlds@worlds.com,"Longo, Nicholas J Esq",8 Fair Lawn Ave,Tampa,Hillsborough,FL,33614,813-769-2939,813-863-6467,http://www.longonicholasjesq.com
Peggie,Sturiale,peggie@cox.net,Henry County Middle School,9 N 14th St,El Cajon,San Diego,CA,92020,619-608-1763,619-695-8086,http://www.henrycountymiddleschool.com
Marvel,Raymo,mraymo@yahoo.com,Edison Supply & Equipment Co,9 Vanowen St,College Station,Brazos,TX,77840,979-718-8968,979-809-5770,http://www.edisonsupplyequipmentco.com
Daron,Dinos,daron_dinos@cox.net,"Wolf, Warren R Esq",18 Waterloo Geneva Rd,Highland Park,Lake,IL,60035,847-233-3075,847-265-6609,http://www.wolfwarrenresq.com
An,Fritz,an_fritz@hotmail.com,Linguistic Systems Inc,506 S Hacienda Dr,Atlantic City,Atlantic,NJ,8401,609-228-5265,609-854-7156,http://www.linguisticsystemsinc.com
Portia,Stimmel,portia.stimmel@aol.com,Peace Christian Center,3732 Sherman Ave,Bridgewater,Somerset,NJ,8807,908-722-7128,908-670-4712,http://www.peacechristiancenter.com
Rhea,Aredondo,rhea_aredondo@cox.net,Double B Foods Inc,25657 Live Oak St,Brooklyn,Kings,NY,11226,718-560-9537,718-280-4183,http://www.doublebfoodsinc.com
Benedict,Sama,bsama@cox.net,Alexander & Alexander Inc,4923 Carey Ave,Saint Louis,Saint Louis City,MO,63104,314-787-1588,314-858-4832,http://www.alexanderalexanderinc.com
Alyce,Arias,alyce@arias.org,Fairbanks Scales,3196 S Rider Trl,Stockton,San Joaquin,CA,95207,209-317-1801,209-242-7022,http://www.fairbanksscales.com
Heike,Berganza,heike@gmail.com,Cali Sportswear Cutting Dept,3 Railway Ave #75,Little Falls,Passaic,NJ,7424,973-936-5095,973-822-8827,http://www.calisportswearcuttingdept.com
Carey,Dopico,carey_dopico@dopico.org,"Garofani, John Esq",87393 E Highland Rd,Indianapolis,Marion,IN,46220,317-578-2453,317-441-5848,http://www.garofanijohnesq.com
Dottie,Hellickson,dottie@hellickson.org,Thompson Fabricating Co,67 E Chestnut Hill Rd,Seattle,King,WA,98133,206-540-6076,206-295-5631,http://www.thompsonfabricatingco.com
Deandrea,Hughey,deandrea@yahoo.com,Century 21 Krall Real Estate,33 Lewis Rd #46,Burlington,Alamance,NC,27215,336-822-7652,336-467-3095,http://www.centurykrallrealestate.com
Kimberlie,Duenas,kimberlie_duenas@yahoo.com,Mid Contntl Rlty & Prop Mgmt,8100 Jacksonville Rd #7,Hays,Ellis,KS,67601,785-629-8542,785-616-1685,http://www.midcontntlrltypropmgmt.com
Martina,Staback,martina_staback@staback.com,Ace Signs Inc,7 W Wabansia Ave #227,Orlando,Orange,FL,32822,407-471-6908,407-429-2145,http://www.acesignsinc.com
Skye,Fillingim,skye_fillingim@yahoo.com,Rodeway Inn,25 Minters Chapel Rd #9,Minneapolis,Hennepin,MN,55401,612-508-2655,612-664-6304,http://www.rodewayinn.com
Jade,Farrar,jade.farrar@yahoo.com,Bonnet & Daughter,6882 Torresdale Ave,Columbia,Richland,SC,29201,803-352-5387,803-975-3405,http://www.bonnetdaughter.com
Charlene,Hamilton,charlene.hamilton@hotmail.com,Oshins & Gibbons,985 E 6th Ave,Santa Rosa,Sonoma,CA,95407,707-300-1771,707-821-8037,http://www.oshinsgibbons.com
Geoffrey,Acey,geoffrey@gmail.com,Price Business Services,7 West Ave #1,Palatine,Cook,IL,60067,847-222-1734,847-556-2909,http://www.pricebusinessservices.com
Stevie,Westerbeck,stevie.westerbeck@yahoo.com,"Wise, Dennis W Md",26659 N 13th St,Costa Mesa,Orange,CA,92626,949-867-4077,949-903-3898,http://www.wisedenniswmd.com
Pamella,Fortino,pamella@fortino.com,Super 8 Motel,669 Packerland Dr #1438,Denver,Denver,CO,80212,303-404-2210,303-794-1341,http://www.supermotel.com
Harrison,Haufler,hhaufler@hotmail.com,John Wagner Associates,759 Eldora St,New Haven,New Haven,CT,6515,203-801-6193,203-801-8497,http://www.johnwagnerassociates.com
Johnna,Engelberg,jengelberg@engelberg.org,Thrifty Oil Co,5 S Colorado Blvd #449,Bothell,Snohomish,WA,98021,425-986-7573,425-700-3751,http://www.thriftyoilco.com
Buddy,Cloney,buddy.cloney@yahoo.com,Larkfield Photo,944 Gaither Dr,Strongsville,Cuyahoga,OH,44136,440-989-5826,440-327-2093,http://www.larkfieldphoto.com
Dalene,Riden,dalene.riden@aol.com,Silverman Planetarium,66552 Malone Rd,Plaistow,Rockingham,NH,3865,603-315-6839,603-745-7497,http://www.silvermanplanetarium.com
Jerry,Zurcher,jzurcher@zurcher.org,J & F Lumber,77 Massillon Rd #822,Satellite Beach,Brevard,FL,32937,321-518-5938,321-597-2159,http://www.jflumber.com
Haydee,Denooyer,hdenooyer@denooyer.org,Cleaning Station Inc,25346 New Rd,New York,New York,NY,10016,212-792-8658,212-782-3493,http://www.cleaningstationinc.com
Joseph,Cryer,joseph_cryer@cox.net,Ames Stationers,60 Fillmore Ave,Huntington Beach,Orange,CA,92647,714-584-2237,714-698-2170,http://www.amesstationers.com
Deonna,Kippley,deonna_kippley@hotmail.com,Midas Muffler Shops,57 Haven Ave #90,Southfield,Oakland,MI,48075,248-913-4677,248-793-4966,http://www.midasmufflershops.com
Raymon,Calvaresi,raymon.calvaresi@gmail.com,Seaboard Securities Inc,6538 E Pomona St #60,Indianapolis,Marion,IN,46222,317-825-4724,317-342-1532,http://www.seaboardsecuritiesinc.com
Alecia,Bubash,alecia@aol.com,"Petersen, James E Esq",6535 Joyce St,Wichita Falls,Wichita,TX,76301,940-276-7922,940-302-3036,http://www.petersenjameseesq.com
Ma,Layous,mlayous@hotmail.com,Development Authority,78112 Morris Ave,North Haven,New Haven,CT,6473,203-721-3388,203-564-1543,http://www.developmentauthority.com
Detra,Coyier,detra@aol.com,Schott Fiber Optics Inc,96950 Hidden Ln,Aberdeen,Harford,MD,21001,410-739-9277,410-259-2118,http://www.schottfiberopticsinc.com
Terrilyn,Rodeigues,terrilyn.rodeigues@cox.net,Stuart J Agins,3718 S Main St,New Orleans,Orleans,LA,70130,504-463-4384,504-635-8518,http://www.stuartjagins.com
Salome,Lacovara,slacovara@gmail.com,Mitsumi Electronics Corp,9677 Commerce Dr,Richmond,Richmond City,VA,23219,804-550-5097,804-858-1011,http://www.mitsumielectronicscorp.com
Garry,Keetch,garry_keetch@hotmail.com,Italian Express Franchise Corp,5 Green Pond Rd #4,Southampton,Bucks,PA,18966,215-979-8776,215-846-9046,http://www.italianexpressfranchisecorp.com
Matthew,Neither,mneither@yahoo.com,American Council On Sci & Hlth,636 Commerce Dr #42,Shakopee,Scott,MN,55379,952-651-7597,952-906-4597,http://www.americancouncilonscihlth.com
Theodora,Restrepo,theodora.restrepo@restrepo.com,"Kleri, Patricia S Esq",42744 Hamann Industrial Pky #82,Miami,Miami-Dade,FL,33136,305-936-8226,305-573-1085,http://www.kleripatriciasesq.com
Noah,Kalafatis,noah.kalafatis@aol.com,Twiggs Abrams Blanchard,1950 5th Ave,Milwaukee,Milwaukee,WI,53209,414-263-5287,414-660-9766,http://www.twiggsabramsblanchard.com
Carmen,Sweigard,csweigard@sweigard.com,Maui Research & Technology Pk,61304 N French Rd,Somerset,Somerset,NJ,8873,732-941-2621,732-445-6940,http://www.mauiresearchtechnologypk.com
Lavonda,Hengel,lavonda@cox.net,Bradley Nameplate Corp,87 Imperial Ct #79,Fargo,Cass,ND,58102,701-898-2154,701-421-7080,http://www.bradleynameplatecorp.com
Junita,Stoltzman,junita@aol.com,Geonex Martel Inc,94 W Dodge Rd,Carson City,Carson City,NV,89701,775-638-9963,775-578-1214,http://www.geonexmartelinc.com
Herminia,Nicolozakes,herminia@nicolozakes.org,Sea Island Div Of Fstr Ind Inc,4 58th St #3519,Scottsdale,Maricopa,AZ,85254,602-954-5141,602-304-6433,http://www.seaislanddivoffstrindinc.com
Casie,Good,casie.good@aol.com,"Papay, Debbie J Esq",5221 Bear Valley Rd,Nashville,Davidson,TN,37211,615-390-2251,615-825-4297,http://www.papaydebbiejesq.com
Reena,Maisto,reena@hotmail.com,Lane Promotions,9648 S Main,Salisbury,Wicomico,MD,21801,410-351-1863,410-951-2667,http://www.lanepromotions.com
Mirta,Mallett,mirta_mallett@gmail.com,Stephen Kennerly Archts Inc Pc,7 S San Marcos Rd,New York,New York,NY,10004,212-870-1286,212-745-6948,http://www.stephenkennerlyarchtsincpc.com
Cathrine,Pontoriero,cathrine.pontoriero@pontoriero.com,Business Systems Of Wis Inc,812 S Haven St,Amarillo,Randall,TX,79109,806-703-1435,806-558-5848,http://www.businesssystemsofwisinc.com
Filiberto,Tawil,ftawil@hotmail.com,"Flash, Elena Salerno Esq",3882 W Congress St #799,Los Angeles,Los Angeles,CA,90016,323-765-2528,323-842-8226,http://www.flashelenasalernoesq.com
Raul,Upthegrove,rupthegrove@yahoo.com,"Neeley, Gregory W Esq",4 E Colonial Dr,La Mesa,San Diego,CA,91942,619-509-5282,619-666-4765,http://www.neeleygregorywesq.com
Sarah,Candlish,sarah.candlish@gmail.com,Alabama Educational Tv Comm,45 2nd Ave #9759,Atlanta,Fulton,GA,30328,770-732-1194,770-531-2842,http://www.alabamaeducationaltvcomm.com
Lucy,Treston,lucy@cox.net,Franz Inc,57254 Brickell Ave #372,Worcester,Worcester,MA,1602,508-769-5250,508-502-5634,http://www.franzinc.com
Judy,Aquas,jaquas@aquas.com,Plantation Restaurant,8977 Connecticut Ave Nw #3,Niles,Berrien,MI,49120,269-756-7222,269-431-9464,http://www.plantationrestaurant.com
Yvonne,Tjepkema,yvonne.tjepkema@hotmail.com,Radio Communications Co,9 Waydell St,Fairfield,Essex,NJ,7004,973-714-1721,973-976-8627,http://www.radiocommunicationsco.com
Kayleigh,Lace,kayleigh.lace@yahoo.com,Dentalaw Divsn Hlth Care,43 Huey P Long Ave,Lafayette,Lafayette,LA,70508,337-740-9323,337-751-2326,http://www.dentalawdivsnhlthcare.com
Felix,Hirpara,felix_hirpara@cox.net,American Speedy Printing Ctrs,7563 Cornwall Rd #4462,Denver,Lancaster,PA,17517,717-491-5643,717-583-1497,http://www.americanspeedyprintingctrs.com
Tresa,Sweely,tresa_sweely@hotmail.com,"Grayson, Grant S Esq",22 Bridle Ln,Valley Park,Saint Louis,MO,63088,314-359-9566,314-231-3514,http://www.graysongrantsesq.com
Kristeen,Turinetti,kristeen@gmail.com,Jeanerette Middle School,70099 E North Ave,Arlington,Tarrant,TX,76013,817-213-8851,817-947-9480,http://www.jeanerettemiddleschool.com
Jenelle,Regusters,jregusters@regusters.com,"Haavisto, Brian F Esq",3211 E Northeast Loop,Tampa,Hillsborough,FL,33619,813-932-8715,813-357-7296,http://www.haavistobrianfesq.com
Renea,Monterrubio,renea@hotmail.com,Wmmt Radio Station,26 Montgomery St,Atlanta,Fulton,GA,30328,770-679-4752,770-930-9967,http://www.wmmtradiostation.com
Olive,Matuszak,olive@aol.com,Colony Paints Sales Ofc & Plnt,13252 Lighthouse Ave,Cathedral City,Riverside,CA,92234,760-938-6069,760-745-2649,http://www.colonypaintssalesofcplnt.com
Ligia,Reiber,lreiber@cox.net,Floral Expressions,206 Main St #2804,Lansing,Ingham,MI,48933,517-906-1108,517-747-7664,http://www.floralexpressions.com
Christiane,Eschberger,christiane.eschberger@yahoo.com,Casco Services Inc,96541 W Central Blvd,Phoenix,Maricopa,AZ,85034,602-390-4944,602-330-6894,http://www.cascoservicesinc.com
Goldie,Schirpke,goldie.schirpke@yahoo.com,"Reuter, Arthur C Jr",34 Saint George Ave #2,Bangor,Penobscot,ME,4401,207-295-7569,207-748-3722,http://www.reuterarthurcjr.com
Loreta,Timenez,loreta.timenez@hotmail.com,"Kaminski, Katherine Andritsaki",47857 Coney Island Ave,Clinton,Prince Georges,MD,20735,301-696-6420,301-392-6698,http://www.kaminskikatherineandritsaki.com
Fabiola,Hauenstein,fabiola.hauenstein@hauenstein.org,Sidewinder Products Corp,8573 Lincoln Blvd,York,York,PA,17404,717-809-3119,717-344-2804,http://www.sidewinderproductscorp.com
Amie,Perigo,amie.perigo@yahoo.com,General Foam Corporation,596 Santa Maria Ave #7913,Mesquite,Dallas,TX,75150,972-419-7946,972-898-1033,http://www.generalfoamcorporation.com
Raina,Brachle,raina.brachle@brachle.org,Ikg Borden Divsn Harsco Corp,3829 Ventura Blvd,Butte,Silver Bow,MT,59701,406-318-1515,406-374-7752,http://www.ikgbordendivsnharscocorp.com
Erinn,Canlas,erinn.canlas@canlas.com,Anchor Computer Inc,13 S Hacienda Dr,Livingston,Essex,NJ,7039,973-767-3008,973-563-9502,http://www.anchorcomputerinc.com
Cherry,Lietz,cherry@lietz.com,Sebring & Co,40 9th Ave Sw #91,Waterford,Oakland,MI,48329,248-980-6904,248-697-7722,http://www.sebringco.com
Kattie,Vonasek,kattie@vonasek.org,H A C Farm Lines Co Optv Assoc,2845 Boulder Crescent St,Cleveland,Cuyahoga,OH,44103,216-923-3715,216-270-9653,http://www.hacfarmlinescooptvassoc.com
Lilli,Scriven,lilli@aol.com,"Hunter, John J Esq",33 State St,Abilene,Taylor,TX,79601,325-631-1560,325-667-7868,http://www.hunterjohnjesq.com
Whitley,Tomasulo,whitley.tomasulo@aol.com,Freehold Fence Co,2 S 15th St,Fort Worth,Tarrant,TX,76107,817-526-4408,817-819-7799,http://www.freeholdfenceco.com
Barbra,Adkin,badkin@hotmail.com,Binswanger,4 Kohler Memorial Dr,Brooklyn,Kings,NY,11230,718-201-3751,718-732-9475,http://www.binswanger.com
Hermila,Thyberg,hermila_thyberg@hotmail.com,Chilton Malting Co,1 Rancho Del Mar Shopping C,Providence,Providence,RI,2903,401-893-4882,401-885-7681,http://www.chiltonmaltingco.com
Jesusita,Flister,jesusita.flister@hotmail.com,"Schoen, Edward J Jr",3943 N Highland Ave,Lancaster,Lancaster,PA,17601,717-885-9118,717-686-7564,http://www.schoenedwardjjr.com
Caitlin,Julia,caitlin.julia@julia.org,"Helderman, Seymour Cpa",5 Williams St,Johnston,Providence,RI,2919,401-948-4982,401-552-9059,http://www.heldermanseymourcpa.com
Roosevelt,Hoffis,roosevelt.hoffis@aol.com,"Denbrook, Myron",60 Old Dover Rd,Hialeah,Miami-Dade,FL,33014,305-622-4739,305-302-1135,http://www.denbrookmyron.com
Helaine,Halter,hhalter@yahoo.com,"Lippitt, Mike",8 Sheridan Rd,Jersey City,Hudson,NJ,7304,201-832-4168,201-412-3040,http://www.lippittmike.com
Lorean,Martabano,lorean.martabano@hotmail.com,"Hiram, Hogg P Esq",85092 Southern Blvd,San Antonio,Bexar,TX,78204,210-856-4979,210-634-2447,http://www.hiramhoggpesq.com
France,Buzick,france.buzick@yahoo.com,In Travel Agency,64 Newman Springs Rd E,Brooklyn,Kings,NY,11219,718-478-8504,718-853-3740,http://www.intravelagency.com
Justine,Ferrario,jferrario@hotmail.com,Newhart Foods Inc,48 Stratford Ave,Pomona,Los Angeles,CA,91768,909-993-3242,909-631-5703,http://www.newhartfoodsinc.com
Adelina,Nabours,adelina_nabours@gmail.com,Courtyard By Marriott,80 Pittsford Victor Rd #9,Cleveland,Cuyahoga,OH,44103,216-230-4892,216-937-5320,http://www.courtyardbymarriott.com
Derick,Dhamer,ddhamer@cox.net,"Studer, Eugene A Esq",87163 N Main Ave,New York,New York,NY,10013,212-304-4515,212-225-9676,http://www.studereugeneaesq.com
Jerry,Dallen,jerry.dallen@yahoo.com,Seashore Supply Co Waretown,393 Lafayette Ave,Richmond,Richmond City,VA,23219,804-762-9576,804-808-9574,http://www.seashoresupplycowaretown.com
Leota,Ragel,leota.ragel@gmail.com,Mayar Silk Inc,99 5th Ave #33,Trion,Chattooga,GA,30753,706-221-4243,706-616-5131,http://www.mayarsilkinc.com
Jutta,Amyot,jamyot@hotmail.com,National Medical Excess Corp,49 N Mays St,Broussard,Lafayette,LA,70518,337-515-1438,337-991-8070,http://www.nationalmedicalexcesscorp.com
Aja,Gehrett,aja_gehrett@hotmail.com,Stero Company,993 Washington Ave,Nutley,Essex,NJ,7110,973-544-2677,973-986-4456,http://www.sterocompany.com
Kirk,Herritt,kirk.herritt@aol.com,"Hasting, H Duane Esq",88 15th Ave Ne,Vestal,Broome,NY,13850,607-407-3716,607-350-7690,http://www.hastinghduaneesq.com
Leonora,Mauson,leonora@yahoo.com,Insty Prints,3381 E 40th Ave,Passaic,Passaic,NJ,7055,973-412-2995,973-355-2120,http://www.instyprints.com
Winfred,Brucato,winfred_brucato@hotmail.com,Glenridge Manor Mobile Home Pk,201 Ridgewood Rd,Moscow,Latah,ID,83843,208-252-4552,208-793-4108,http://www.glenridgemanormobilehomepk.com
Tarra,Nachor,tarra.nachor@cox.net,Circuit Solution Inc,39 Moccasin Dr,San Francisco,San Francisco,CA,94104,415-411-1775,415-284-2730,http://www.circuitsolutioninc.com
Corinne,Loder,corinne@loder.org,Local Office,4 Carroll St,North Attleboro,Bristol,MA,2760,508-942-4186,508-618-7826,http://www.localoffice.com
Dulce,Labreche,dulce_labreche@yahoo.com,Lee Kilkelly Paulson & Kabaker,9581 E Arapahoe Rd,Rochester,Oakland,MI,48307,248-357-8718,248-811-5696,http://www.leekilkellypaulsonkabaker.com
Kate,Keneipp,kate_keneipp@yahoo.com,"Davis, Maxon R Esq",33 N Michigan Ave,Green Bay,Brown,WI,54301,920-353-6377,920-355-1610,http://www.davismaxonresq.com
Kaitlyn,Ogg,kaitlyn.ogg@gmail.com,"Garrison, Paul E Esq",2 S Biscayne Blvd,Baltimore,Baltimore City,MD,21230,410-665-4903,410-773-3862,http://www.garrisonpauleesq.com
Sherita,Saras,sherita.saras@cox.net,Black History Resource Center,8 Us Highway 22,Colorado Springs,El Paso,CO,80937,719-669-1664,719-547-9543,http://www.blackhistoryresourcecenter.com
Lashawnda,Stuer,lstuer@cox.net,"Rodriguez, J Christopher Esq",7422 Martin Ave #8,Toledo,Lucas,OH,43607,419-588-8719,419-399-1744,http://www.rodriguezjchristopheresq.com
Ernest,Syrop,ernest@cox.net,Grant Family Health Center,94 Chase Rd,Hyattsville,Prince Georges,MD,20785,301-998-9644,301-257-4883,http://www.grantfamilyhealthcenter.com
Nobuko,Halsey,nobuko.halsey@yahoo.com,Goeman Wood Products Inc,8139 I Hwy 10 #92,New Bedford,Bristol,MA,2745,508-855-9887,508-897-7916,http://www.goemanwoodproductsinc.com
Lavonna,Wolny,lavonna.wolny@hotmail.com,"Linhares, Kenneth A Esq",5 Cabot Rd,Mc Lean,Fairfax,VA,22102,703-483-1970,703-892-2914,http://www.linhareskennethaesq.com
Lashaunda,Lizama,llizama@cox.net,Earnhardt Printing,3387 Ryan Dr,Hanover,Anne Arundel,MD,21076,410-678-2473,410-912-6032,http://www.earnhardtprinting.com
Mariann,Bilden,mariann.bilden@aol.com,H P G Industrys Inc,3125 Packer Ave #9851,Austin,Travis,TX,78753,512-223-4791,512-742-1149,http://www.hpgindustrysinc.com
Helene,Rodenberger,helene@aol.com,Bailey Transportation Prod Inc,347 Chestnut St,Peoria,Maricopa,AZ,85381,623-461-8551,623-426-4907,http://www.baileytransportationprodinc.com
Roselle,Estell,roselle.estell@hotmail.com,Mcglynn Bliss Pc,8116 Mount Vernon Ave,Bucyrus,Crawford,OH,44820,419-571-5920,419-488-6648,http://www.mcglynnblisspc.com
Samira,Heintzman,sheintzman@hotmail.com,Mutual Fish Co,8772 Old County Rd #5410,Kent,King,WA,98032,206-311-4137,206-923-6042,http://www.mutualfishco.com
Margart,Meisel,margart_meisel@yahoo.com,"Yeates, Arthur L Aia",868 State St #38,Cincinnati,Hamilton,OH,45251,513-617-2362,513-747-9603,http://www.yeatesarthurlaia.com
Kristofer,Bennick,kristofer.bennick@yahoo.com,"Logan, Ronald J Esq",772 W River Dr,Bloomington,Monroe,IN,47404,812-368-1511,812-442-8544,http://www.loganronaldjesq.com
Weldon,Acuff,wacuff@gmail.com,Advantage Martgage Company,73 W Barstow Ave,Arlington Heights,Cook,IL,60004,847-353-2156,847-613-5866,http://www.advantagemartgagecompany.com
Shalon,Shadrick,shalon@cox.net,Germer And Gertz Llp,61047 Mayfield Ave,Brooklyn,Kings,NY,11223,718-232-2337,718-394-4974,http://www.germerandgertzllp.com
Denise,Patak,denise@patak.org,Spence Law Offices,2139 Santa Rosa Ave,Orlando,Orange,FL,32801,407-446-4358,407-808-3254,http://www.spencelawoffices.com
Louvenia,Beech,louvenia.beech@beech.com,John Ortiz Nts Therapy Center,598 43rd St,Beverly Hills,Los Angeles,CA,90210,310-820-2117,310-652-2379,http://www.johnortizntstherapycenter.com
Audry,Yaw,audry.yaw@yaw.org,Mike Uchrin Htg & Air Cond Inc,70295 Pioneer Ct,Brandon,Hillsborough,FL,33511,813-797-4816,813-744-7100,http://www.mikeuchrinhtgaircondinc.com
Kristel,Ehmann,kristel.ehmann@aol.com,"Mccoy, Joy Reynolds Esq",92899 Kalakaua Ave,El Paso,El Paso,TX,79925,915-452-1290,915-300-6100,http://www.mccoyjoyreynoldsesq.com
Vincenza,Zepp,vzepp@gmail.com,Kbor 1600 Am,395 S 6th St #2,El Cajon,San Diego,CA,92020,619-603-5125,619-935-6661,http://www.kboram.com
Elouise,Gwalthney,egwalthney@yahoo.com,Quality Inn Northwest,9506 Edgemore Ave,Bladensburg,Prince Georges,MD,20710,301-841-5012,301-591-3034,http://www.qualityinnnorthwest.com
Venita,Maillard,venita_maillard@gmail.com,Wallace Church Assoc Inc,72119 S Walker Ave #63,Anaheim,Orange,CA,92801,714-523-6653,714-663-9740,http://www.wallacechurchassocinc.com
Kasandra,Semidey,kasandra_semidey@semidey.com,Can Tron,369 Latham St #500,Saint Louis,Saint Louis City,MO,63102,314-732-9131,314-697-3652,http://www.cantron.com
Xochitl,Discipio,xdiscipio@gmail.com,Ravaal Enterprises Inc,3158 Runamuck Pl,Round Rock,Williamson,TX,78664,512-233-1831,512-942-3411,http://www.ravaalenterprisesinc.com
Maile,Linahan,mlinahan@yahoo.com,Thompson Steel Company Inc,9 Plainsboro Rd #598,Greensboro,Guilford,NC,27409,336-670-2640,336-364-6037,http://www.thompsonsteelcompanyinc.com
Krissy,Rauser,krauser@cox.net,"Anderson, Mark A Esq",8728 S Broad St,Coram,Suffolk,NY,11727,631-443-4710,631-288-2866,http://www.andersonmarkaesq.com
Pete,Dubaldi,pdubaldi@hotmail.com,Womack & Galich,2215 Prosperity Dr,Lyndhurst,Bergen,NJ,7071,201-825-2514,201-749-8866,http://www.womackgalich.com
Linn,Paa,linn_paa@paa.com,Valerie & Company,1 S Pine St,Memphis,Shelby,TN,38112,901-412-4381,901-573-9024,http://www.valeriecompany.com
Paris,Wide,paris@hotmail.com,Gehring Pumps Inc,187 Market St,Atlanta,Fulton,GA,30342,404-505-4445,404-607-8435,http://www.gehringpumpsinc.com
Wynell,Dorshorst,wynell_dorshorst@dorshorst.org,"Haehnel, Craig W Esq",94290 S Buchanan St,Pacifica,San Mateo,CA,94044,650-473-1262,650-749-9879,http://www.haehnelcraigwesq.com
Quentin,Birkner,qbirkner@aol.com,Spoor Behrins Campbell & Young,7061 N 2nd St,Burnsville,Dakota,MN,55337,952-702-7993,952-314-5871,http://www.spoorbehrinscampbellyoung.com
Regenia,Kannady,regenia.kannady@cox.net,Ken Jeter Store Equipment Inc,10759 Main St,Scottsdale,Maricopa,AZ,85260,480-726-1280,480-205-5121,http://www.kenjeterstoreequipmentinc.com
Sheron,Louissant,sheron@aol.com,"Potter, Brenda J Cpa",97 E 3rd St #9,Long Island City,Queens,NY,11101,718-976-8610,718-613-9994,http://www.potterbrendajcpa.com
Izetta,Funnell,izetta.funnell@hotmail.com,Baird Kurtz & Dobson,82 Winsor St #54,Atlanta,Dekalb,GA,30340,770-844-3447,770-584-4119,http://www.bairdkurtzdobson.com
Rodolfo,Butzen,rodolfo@hotmail.com,"Minor, Cynthia A Esq",41 Steel Ct,Northfield,Rice,MN,55057,507-210-3510,507-590-5237,http://www.minorcynthiaaesq.com
Zona,Colla,zona@hotmail.com,"Solove, Robert A Esq",49440 Dearborn St,Norwalk,Fairfield,CT,6854,203-461-1949,203-938-2557,http://www.soloverobertaesq.com
Serina,Zagen,szagen@aol.com,Mark Ii Imports Inc,7 S Beverly Dr,Fort Wayne,Allen,IN,46802,260-273-3725,260-382-4869,http://www.markiiimportsinc.com
Paz,Sahagun,paz_sahagun@cox.net,White Sign Div Ctrl Equip Co,919 Wall Blvd,Meridian,Lauderdale,MS,39307,601-927-8287,601-249-4511,http://www.whitesigndivctrlequipco.com
Markus,Lukasik,markus@yahoo.com,M & M Store Fixtures Co Inc,89 20th St E #779,Sterling Heights,Macomb,MI,48310,586-970-7380,586-247-1614,http://www.mmstorefixturescoinc.com
Jaclyn,Bachman,jaclyn@aol.com,Judah Caster & Wheel Co,721 Interstate 45 S,Colorado Springs,El Paso,CO,80919,719-853-3600,719-223-2074,http://www.judahcasterwheelco.com
Cyril,Daufeldt,cyril_daufeldt@daufeldt.com,Galaxy International Inc,3 Lawton St,New York,New York,NY,10013,212-745-8484,212-422-5427,http://www.galaxyinternationalinc.com
Gayla,Schnitzler,gschnitzler@gmail.com,Sigma Corp Of America,38 Pleasant Hill Rd,Hayward,Alameda,CA,94545,510-686-3407,510-441-4055,http://www.sigmacorpofamerica.com
Erick,Nievas,erick_nievas@aol.com,"Soward, Anne Esq",45 E Acacia Ct,Chicago,Cook,IL,60624,773-704-9903,773-359-6109,http://www.sowardanneesq.com
Jennie,Drymon,jennie@cox.net,"Osborne, Michelle M Esq",63728 Poway Rd #1,Scranton,Lackawanna,PA,18509,570-218-4831,570-868-8688,http://www.osbornemichellemesq.com
Mitsue,Scipione,mscipione@scipione.com,Students In Free Entrprs Natl,77 222 Dr,Oroville,Butte,CA,95965,530-986-9272,530-399-3254,http://www.studentsinfreeentrprsnatl.com
Ciara,Ventura,cventura@yahoo.com,"Johnson, Robert M Esq",53 W Carey St,Port Jervis,Orange,NY,12771,845-823-8877,845-694-7919,http://www.johnsonrobertmesq.com
Galen,Cantres,galen@yahoo.com,Del Charro Apartments,617 Nw 36th Ave,Brook Park,Cuyahoga,OH,44142,216-600-6111,216-871-6876,http://www.delcharroapartments.com
Truman,Feichtner,tfeichtner@yahoo.com,Legal Search Inc,539 Coldwater Canyon Ave,Bloomfield,Essex,NJ,7003,973-852-2736,973-473-5108,http://www.legalsearchinc.com
Gail,Kitty,gail@kitty.com,Service Supply Co Inc,735 Crawford Dr,Anchorage,Anchorage,AK,99501,907-435-9166,907-770-3542,http://www.servicesupplycoinc.com
Dalene,Schoeneck,dalene@schoeneck.org,"Sameshima, Douglas J Esq",910 Rahway Ave,Philadelphia,Philadelphia,PA,19102,215-268-1275,215-380-8820,http://www.sameshimadouglasjesq.com
Gertude,Witten,gertude.witten@gmail.com,"Thompson, John Randolph Jr",7 Tarrytown Rd,Cincinnati,Hamilton,OH,45217,513-977-7043,513-863-9471,http://www.thompsonjohnrandolphjr.com
Lizbeth,Kohl,lizbeth@yahoo.com,E T Balancing Co Inc,35433 Blake St #588,Gardena,Los Angeles,CA,90248,310-699-1222,310-955-5788,http://www.etbalancingcoinc.com
Glenn,Berray,gberray@gmail.com,"Griswold, John E Esq",29 Cherry St #7073,Des Moines,Polk,IA,50315,515-370-7348,515-372-1738,http://www.griswoldjohneesq.com
Lashandra,Klang,lashandra@yahoo.com,Acqua Group,810 N La Brea Ave,King of Prussia,Montgomery,PA,19406,610-809-1818,610-378-7332,http://www.acquagroup.com
Lenna,Newville,lnewville@newville.com,"Brooks, Morris J Jr",987 Main St,Raleigh,Wake,NC,27601,919-623-2524,919-254-5987,http://www.brooksmorrisjjr.com
Laurel,Pagliuca,laurel@yahoo.com,Printing Images Corp,36 Enterprise St Se,Richland,Benton,WA,99352,509-695-5199,509-595-6485,http://www.printingimagescorp.com
Mireya,Frerking,mireya.frerking@hotmail.com,Roberts Supply Co Inc,8429 Miller Rd,Pelham,Westchester,NY,10803,914-868-5965,914-883-3061,http://www.robertssupplycoinc.com
Annelle,Tagala,annelle@yahoo.com,Vico Products Mfg Co,5 W 7th St,Parkville,Baltimore,MD,21234,410-757-1035,410-234-2267,http://www.vicoproductsmfgco.com
Dean,Ketelsen,dean_ketelsen@gmail.com,J M Custom Design Millwork,2 Flynn Rd,Hicksville,Nassau,NY,11801,516-847-4418,516-732-6649,http://www.jmcustomdesignmillwork.com
Levi,Munis,levi.munis@gmail.com,Farrell & Johnson Office Equip,2094 Ne 36th Ave,Worcester,Worcester,MA,1603,508-456-4907,508-658-7802,http://www.farrelljohnsonofficeequip.com
Sylvie,Ryser,sylvie@aol.com,Millers Market & Deli,649 Tulane Ave,Tulsa,Tulsa,OK,74105,918-644-9555,918-565-1706,http://www.millersmarketdeli.com
Sharee,Maile,sharee_maile@aol.com,Holiday Inn Naperville,2094 Montour Blvd,Muskegon,Muskegon,MI,49442,231-467-9978,231-265-6940,http://www.holidayinnnaperville.com
Cordelia,Storment,cordelia_storment@aol.com,"Burrows, Jon H Esq",393 Hammond Dr,Lafayette,Lafayette,LA,70506,337-566-6001,337-255-3427,http://www.burrowsjonhesq.com
Mollie,Mcdoniel,mollie_mcdoniel@yahoo.com,Dock Seal Specialty,8590 Lake Lizzie Dr,Bowling Green,Wood,OH,43402,419-975-3182,419-417-4674,http://www.docksealspecialty.com
Brett,Mccullan,brett.mccullan@mccullan.com,Five Star Limousines Of Tx Inc,87895 Concord Rd,La Mesa,San Diego,CA,91942,619-461-9984,619-727-3892,http://www.fivestarlimousinesoftxinc.com
Teddy,Pedrozo,teddy_pedrozo@aol.com,"Barkan, Neal J Esq",46314 Route 130,Bridgeport,Fairfield,CT,6610,203-892-3863,203-918-3939,http://www.barkannealjesq.com
Tasia,Andreason,tasia_andreason@yahoo.com,"Campbell, Robert A",4 Cowesett Ave,Kearny,Hudson,NJ,7032,201-920-9002,201-969-7063,http://www.campbellroberta.com
Hubert,Walthall,hubert@walthall.org,"Dee, Deanna",95 Main Ave #2,Barberton,Summit,OH,44203,330-903-1345,330-566-8898,http://www.deedeanna.com
Arthur,Farrow,arthur.farrow@yahoo.com,"Young, Timothy L Esq",28 S 7th St #2824,Englewood,Bergen,NJ,7631,201-238-5688,201-772-4377,http://www.youngtimothylesq.com
Vilma,Berlanga,vberlanga@berlanga.com,"Wells, D Fred Esq",79 S Howell Ave,Grand Rapids,Kent,MI,49546,616-737-3085,616-568-4113,http://www.wellsdfredesq.com
Billye,Miro,billye_miro@cox.net,"Gray, Francine H Esq",36 Lancaster Dr Se,Pearl,Rankin,MS,39208,601-567-5386,601-637-5479,http://www.grayfrancinehesq.com
Glenna,Slayton,glenna_slayton@cox.net,Toledo Iv Care,2759 Livingston Ave,Memphis,Shelby,TN,38118,901-640-9178,901-869-4314,http://www.toledoivcare.com
Mitzie,Hudnall,mitzie_hudnall@yahoo.com,Cangro Transmission Co,17 Jersey Ave,Englewood,Arapahoe,CO,80110,303-402-1940,303-997-7760,http://www.cangrotransmissionco.com
Bernardine,Rodefer,bernardine_rodefer@yahoo.com,Sat Poly Inc,2 W Grand Ave,Memphis,Shelby,TN,38112,901-901-4726,901-739-5892,http://www.satpolyinc.com
Staci,Schmaltz,staci_schmaltz@aol.com,Midwest Contracting & Mfg Inc,18 Coronado Ave #563,Pasadena,Los Angeles,CA,91106,626-866-2339,626-293-7678,http://www.midwestcontractingmfginc.com
Nichelle,Meteer,nichelle_meteer@meteer.com,Print Doctor,72 Beechwood Ter,Chicago,Cook,IL,60657,773-225-9985,773-857-2231,http://www.printdoctor.com
Janine,Rhoden,jrhoden@yahoo.com,Nordic Group Inc,92 Broadway,Astoria,Queens,NY,11103,718-228-5894,718-728-5051,http://www.nordicgroupinc.com
Ettie,Hoopengardner,ettie.hoopengardner@hotmail.com,Jackson Millwork Co,39 Franklin Ave,Richland,Benton,WA,99352,509-755-5393,509-847-3352,http://www.jacksonmillworkco.com
Eden,Jayson,eden_jayson@yahoo.com,Harris Corporation,4 Iwaena St,Baltimore,Baltimore City,MD,21202,410-890-7866,410-429-4888,http://www.harriscorporation.com
Lynelle,Auber,lynelle_auber@gmail.com,United Cerebral Palsy Of Ne Pa,32820 Corkwood Rd,Newark,Essex,NJ,7104,973-860-8610,973-605-6492,http://www.unitedcerebralpalsyofnepa.com
Merissa,Tomblin,merissa.tomblin@gmail.com,One Day Surgery Center Inc,34 Raritan Center Pky,Bellflower,Los Angeles,CA,90706,562-579-6900,562-719-7922,http://www.onedaysurgerycenterinc.com
Golda,Kaniecki,golda_kaniecki@yahoo.com,Calaveras Prospect,6201 S Nevada Ave,Toms River,Ocean,NJ,8755,732-628-9909,732-617-5310,http://www.calaverasprospect.com
Catarina,Gleich,catarina_gleich@hotmail.com,"Terk, Robert E Esq",78 Maryland Dr #146,Denville,Morris,NJ,7834,973-210-3994,973-491-8723,http://www.terkroberteesq.com
Virgie,Kiel,vkiel@hotmail.com,"Cullen, Terrence P Esq",76598 Rd  I 95 #1,Denver,Denver,CO,80216,303-776-7548,303-845-5408,http://www.cullenterrencepesq.com
Jolene,Ostolaza,jolene@yahoo.com,Central Die Casting Mfg Co Inc,1610 14th St Nw,Newport News,Newport News City,VA,23608,757-682-7116,757-940-1741,http://www.centraldiecastingmfgcoinc.com
Keneth,Borgman,keneth@yahoo.com,Centerline Engineering,86350 Roszel Rd,Phoenix,Maricopa,AZ,85012,602-919-4211,602-442-3092,http://www.centerlineengineering.com
Rikki,Nayar,rikki@nayar.com,Targan & Kievit Pa,1644 Clove Rd,Miami,Miami-Dade,FL,33155,305-968-9487,305-978-2069,http://www.targankievitpa.com
Elke,Sengbusch,elke_sengbusch@yahoo.com,Riley Riper Hollin & Colagreco,9 W Central Ave,Phoenix,Maricopa,AZ,85013,602-896-2993,602-575-3457,http://www.rileyriperhollincolagreco.com
Hoa,Sarao,hoa@sarao.org,"Kaplan, Joel S Esq",27846 Lafayette Ave,Oak Hill,Volusia,FL,32759,386-526-7800,386-599-7296,http://www.kaplanjoelsesq.com
Trinidad,Mcrae,trinidad_mcrae@yahoo.com,Water Office,10276 Brooks St,San Francisco,San Francisco,CA,94105,415-331-9634,415-419-1597,http://www.wateroffice.com
Mari,Lueckenbach,mari_lueckenbach@yahoo.com,"Westbrooks, Nelson E Jr",1 Century Park E,San Diego,San Diego,CA,92110,858-793-9684,858-228-5683,http://www.westbrooksnelsonejr.com
Selma,Husser,selma.husser@cox.net,Armon Communications,9 State Highway 57 #22,Jersey City,Hudson,NJ,7306,201-991-8369,201-772-7699,http://www.armoncommunications.com
Antione,Onofrio,aonofrio@onofrio.com,Jacobs & Gerber Inc,4 S Washington Ave,San Bernardino,San Bernardino,CA,92410,909-430-7765,909-665-3223,http://www.jacobsgerberinc.com
Luisa,Jurney,ljurney@hotmail.com,Forest Fire Laboratory,25 Se 176th Pl,Cambridge,Middlesex,MA,2138,617-365-2134,617-544-2541,http://www.forestfirelaboratory.com
Clorinda,Heimann,clorinda.heimann@hotmail.com,"Haughey, Charles Jr",105 Richmond Valley Rd,Escondido,San Diego,CA,92025,760-291-5497,760-261-4786,http://www.haugheycharlesjr.com
Dick,Wenzinger,dick@yahoo.com,Wheaton Plastic Products,22 Spruce St #595,Gardena,Los Angeles,CA,90248,310-510-9713,310-936-2258,http://www.wheatonplasticproducts.com
Ahmed,Angalich,ahmed.angalich@angalich.com,Reese Plastics,2 W Beverly Blvd,Harrisburg,Dauphin,PA,17110,717-528-8996,717-632-5831,http://www.reeseplastics.com
Iluminada,Ohms,iluminada.ohms@yahoo.com,Nazette Marner Good Wendt,72 Southern Blvd,Mesa,Maricopa,AZ,85204,480-293-2882,480-866-6544,http://www.nazettemarnergoodwendt.com
Joanna,Leinenbach,joanna_leinenbach@hotmail.com,Levinson Axelrod Wheaton,1 Washington St,Lake Worth,Palm Beach,FL,33461,561-470-4574,561-951-9734,http://www.levinsonaxelrodwheaton.com
Caprice,Suell,caprice@aol.com,"Egnor, W Dan Esq",90177 N 55th Ave,Nashville,Davidson,TN,37211,615-246-1824,615-726-4537,http://www.egnorwdanesq.com
Stephane,Myricks,stephane_myricks@cox.net,Portland Central Thriftlodge,9 Tower Ave,Burlington,Boone,KY,41005,859-717-7638,859-308-4286,http://www.portlandcentralthriftlodge.com
Quentin,Swayze,quentin_swayze@yahoo.com,Ulbrich Trucking,278 Bayview Ave,Milan,Monroe,MI,48160,734-561-6170,734-851-8571,http://www.ulbrichtrucking.com
Annmarie,Castros,annmarie_castros@gmail.com,Tipiak Inc,80312 W 32nd St,Conroe,Montgomery,TX,77301,936-751-7961,936-937-2334,http://www.tipiakinc.com
Shonda,Greenbush,shonda_greenbush@cox.net,Saint George Well Drilling,82 Us Highway 46,Clifton,Passaic,NJ,7011,973-482-2430,973-644-2974,http://www.saintgeorgewelldrilling.com
Josphine,Villanueva,josphine_villanueva@villanueva.com,Santa Cruz Community Internet,63 Smith Ln #8343,Moss,Clay,TN,38575,931-553-9774,931-486-6946,http://www.santacruzcommunityinternet.com
Daniel,Perruzza,dperruzza@perruzza.com,Gersh & Danielson,11360 S Halsted St,Santa Ana,Orange,CA,92705,714-771-3880,714-531-1391,http://www.gershdanielson.com
Cassi,Wildfong,cassi.wildfong@aol.com,"Cobb, James O Esq",26849 Jefferson Hwy,Rolling Meadows,Cook,IL,60008,847-633-3216,847-755-9041,http://www.cobbjamesoesq.com
Britt,Galam,britt@galam.org,Wheatley Trucking Company,2500 Pringle Rd Se #508,Hatfield,Montgomery,PA,19440,215-888-3304,215-351-8523,http://www.wheatleytruckingcompany.com
Adell,Lipkin,adell.lipkin@lipkin.com,Systems Graph Inc Ab Dick Dlr,65 Mountain View Dr,Whippany,Morris,NJ,7981,973-654-1561,973-662-8988,http://www.systemsgraphincabdickdlr.com
Jacqueline,Rowling,jacqueline.rowling@yahoo.com,John Hancock Mutl Life Ins Co,1 N San Saba,Erie,Erie,PA,16501,814-865-8113,814-481-1700,http://www.johnhancockmutllifeinsco.com
Billy,Kines,bkines@hotmail.com,W Tc Industries Inc,3 Aspen St,Worcester,Worcester,MA,1602,508-429-8576,508-843-1426,http://www.wtcindustriesinc.com
Jo,Cartan,jo.cartan@yahoo.com,"Box, J Calvin Esq",9390 S Howell Ave,Albany,Dougherty,GA,31701,229-735-3378,229-365-9658,http://www.boxjcalvinesq.com
